ticker,asset_name,sector,exchange,currency,beta,dividend_yield,trailingpe,pricetobook,fcf_yield,revenuegrowth,earningsgrowth,forwardeps,payoutratio,asset_type,value_score,growth_score,dividend_score
BTC-USD,Bitcoin USD,,CCC,USD,,,,,,,,,,Crypto,,,
ETH-USD,Ethereum USD,,CCC,USD,,,,,,,,,,Crypto,,,
SOL-USD,Solana USD,,CCC,USD,,,,,,,,,,Crypto,,,
LINK-USD,Chainlink USD,,CCC,USD,,,,,,,,,,Crypto,,,
GC=F,Gold Jun 26,,CMX,USD,,,,,,,,,,Commodity,,,
SI=F,Silver May 26,,CMX,USD,,,,,,,,,,Commodity,,,
BZ=F,Brent Crude Oil Last Day Financ,,NYM,USD,,,,,,,,,,Commodity,,,
NG=F,Natural Gas Jun 26,,NYM,USD,,,,,,,,,,Commodity,,,
HG=F,Copper May 26,,CMX,USD,,,,,,,,,,Commodity,,,
ZC=F,"Corn Futures,Jul-2026",,CBT,USX,,,,,,,,,,Commodity,,,
KC=F,Coffee Sep 26,,NYB,USX,,,,,,,,,,Commodity,,,
PA=F,Palladium Jun 26,,NYM,USD,,,,,,,,,,Commodity,,,
TLT,iShares 20+ Year Treasury Bond ,,NGM,USD,,4.49,,0.5752863,,,,,,Bond,,,
IEF,iShares 7-10 Year Treasury Bond,,NGM,USD,,3.82,,0.809121,,,,,,Bond,,,
SHY,iShares 1-3 Year Treasury Bond ,,NGM,USD,,3.75,3738.6365,0.9537117,,,,,,Bond,,,
TIP,iShares TIPS Bond ETF,,PCX,USD,,3.45,12.513327,0.8888511,,,,,,Bond,,,
BNDX,Vanguard Total International Bo,,NGM,USD,,4.46,,,,,,,,Bond,,,
EMB,iShares J.P. Morgan USD Emergin,,NGM,USD,,5.11,,,,,,,,Bond,,,
VTC,Vanguard Total Corporate Bond E,,NGM,USD,,4.87,,,,,,,,Bond,,,
JNK,State Street SPDR Bloomberg Hig,,PCX,USD,,6.68,20.20637,0.88887763,,,,,,Bond,,,
IBGL.L,ISHARES II PLC ISHRS EUR GOVT B,,LSE,GBP,,,,,,,,,,Bond,,,
BTP.MI,,,,,,,,,,,,,,Bond,,,
MUB,iShares National Muni Bond ETF,,PCX,USD,,3.19,,,,,,,,Bond,,,
AAPL,Apple Inc.,Technology,NMS,USD,,0.38,35.896202,47.27909,0.0241350127471068,0.166,0.218,9.39679,0.1304,Equity,-2.6524720033374307,0.3142515410407567,0.007975366692255948
MSFT,Microsoft Corporation,Technology,NMS,USD,1.107,0.89,24.688429,7.883029,0.0120125090527705,0.183,0.234,19.29779,0.20729999,Equity,-1.937929510678103,0.4518739886724479,0.008474861281168079
AMZN,"Amazon.com, Inc.",Consumer Cyclical,NMS,USD,1.383,,32.297005,7.04015,0.0082039416701089,0.136,0.05,9.82506,0.0,Equity,,0.04166941554514711,
JNJ,Johnson & Johnson,Healthcare,NYQ,USD,0.329,2.33,26.51276,6.774566,0.0227419447160491,0.099,-0.529,12.71044,0.6025,Equity,-1.0623165073822611,-0.37357320317370796,0.021063020647386774
JPM,JP Morgan Chase & Co.,Financial Services,NYQ,USD,1.043,1.92,15.041168,2.4474995,,0.127,0.172,23.51063,0.2824,Equity,,-0.003446807014552161,
XOM,Exxon Mobil Corporation,Energy,NYQ,USD,0.288,2.67,22.837313,2.4651597,0.0192293145896523,-0.013,-0.11,10.1679,0.597,Equity,-0.6248652394952974,-1.1687535451665125,0.020690934791611774
PG,Procter & Gamble Company (The),Consumer Defensive,NYQ,USD,0.403,2.9,21.691519,6.428231,0.0368566226420516,0.074,0.058,7.11309,0.618,Equity,-0.08771412055050712,-0.4461387344566437,0.04082976656286476
TSLA,"Tesla, Inc.",Consumer Cyclical,NMS,USD,1.915,,354.3963,17.965015,0.0035548303196062,0.158,0.083,2.53536,0.0,Equity,,0.22238322342390923,
UNH,UnitedHealth Group Incorporated,Healthcare,NYQ,USD,0.408,2.39,27.9161,3.5555575,0.0527307700310711,0.02,0.007,20.75367,0.65989995,Equity,-0.6229301093220706,-0.8833299156076128,0.04286163268261282
BRK-B,Berkshire Hathaway Inc. New,Financial Services,NYQ,USD,0.699,,15.37637,0.0009565077,0.0357703836349948,-0.007,-0.025,21.74998,0.0,Equity,,-1.1033076390025776,
SAN.MC,BANCO SANTANDER S.A.,Financial Services,MCE,EUR,0.962,2.41,11.795455,1.4767393,,0.046,0.714,1.19639,0.2545,Equity,,-0.5277183250720011,
ITX.MC,INDUSTRIA DE DISE...O TEXTIL S.,Consumer Cyclical,MCE,EUR,0.946,1.29,25.29,7.7244964,0.0339070002968038,0.043,0.133,2.38929,0.565,Equity,-1.3906859472489135,-0.6749456663524471,0.019026913216551457
IBE.MC,ACCIONES IBERDROLA,Utilities,MCE,EUR,0.604,3.28,24.9375,2.6284585,-0.0127522810787244,0.005,5.598,1.05179,0.7592,Equity,-0.9819514054288215,0.18708729096002552,-0.01007205765072242
MC.PA,LVMH,Consumer Cyclical,PAR,EUR,0.895,2.88,20.659039,3.3209488,0.0524266676702551,-0.047,-0.014,25.94615,0.595,Equity,0.27222479180092884,-1.416781055677053,0.061150465170585554
SAP.DE,SAP SE                        I,Technology,GER,EUR,0.762,1.72,23.317308,3.810197,0.047938294577217,0.06,0.093,8.54776,0.3766,Equity,-0.7446069759173685,-0.5492308245501242,0.05140174048383177
ASML.AS,ASML HOLDING,Technology,AMS,EUR,1.382,0.88,47.178696,22.61777,0.0174966459777188,0.132,0.192,40.76397,0.2568,Equity,-2.7988787839523437,0.04028246068766353,0.01144308641576374
SIE.DE,SIEMENS AG                    N,Industrials,GER,EUR,1.185,2.12,25.129353,3.0087683,0.0401941093297898,0.043,-0.446,12.62144,0.5179,Equity,-0.7922091549608749,-0.7980618051953796,0.04108046982873032
NESN.SW,NESTLE N,Consumer Defensive,EBS,CHF,0.516,3.92,22.521368,6.19757,0.0306804329020165,-0.022,-0.24,4.68844,0.8689,Equity,0.3177584093492269,-1.2674539939583689,0.0157670426335411
AZN.L,ASTRAZENECA PLC ORD SHS $0.25,Healthcare,LSE,GBp,0.275,1.69,27.682281,5.9994826,0.0310209120399392,0.125,0.053,8.581371,0.477,Equity,-1.373889957594178,-0.044541089935793365,0.027418453524741062
HSBA.L,HSBC HOLDINGS PLC ORD $0.50 (UK,Financial Services,LSE,GBp,0.555,4.12,15.25618,1.7739902,,0.584,23.979,1.3513488,0.5345,Equity,,8.666930913176614,
2330.TW,TAIWAN SEMICONDUCTOR MANUFACTUR,Technology,TAI,TWD,1.251,1.12,28.984522,9.398456,0.0130328340031943,0.351,0.584,120.76629,0.2785,Equity,-2.0818871885442074,1.852708649948026,0.010531572501301252
7203.T,TOYOTA MOTOR CORP,Consumer Cyclical,JPX,JPY,0.357,3.14,10.557432,1.0032194,-0.0014676374760135,0.086,-0.423,324.22,0.3343,Equity,1.8019289348480014,-0.4536728398951798,-0.0030677996808360667
BABA,Alibaba Group Holding Limited,Consumer Cyclical,NYQ,USD,0.489,0.8,23.250885,2.0092552,-0.0804347441652126,0.017,-0.709,7.424126,0.19450001,Equity,-3.396777693901816,-1.0592630923695716,-0.05183214849658504
TCEHY,Tencent Holding Ltd.,Communication Services,PNK,USD,0.8,1.11,17.314447,3.2606137,0.2521719600739939,0.127,0.141,5.024707,0.1708,Equity,3.0133948444064824,-0.010038517384380996,0.23210209811562488
RELIANCE.NS,RELIANCE INDUSTRIES LTD,Energy,NSI,INR,0.22,0.38,24.069729,2.215639,0.0024566926116558,0.125,-0.126,72.22124,0.0921,Equity,-2.338941873682523,-0.08260290142609544,0.0008475638644064744
VALE,VALE S.A.,Basic Materials,NYQ,USD,0.889,7.69,24.401514,1.8660975,0.1543400821402873,0.027,0.22,2.13667,1.205,Equity,4.384751272602103,-0.7827713144239193,-0.243309422490056
BHP,BHP Group Limited,Basic Materials,NYQ,USD,0.798,3.35,19.61042,3.9797564,0.040530902883472,0.108,0.275,5.23321,0.5464,Equity,0.47394945868469324,-0.13155621279266957,0.06158913878560871
